,Demand,Temperature
2014-01-01 00:00:00,3.794,18.05
2014-01-01 01:00:00,3.418,17.2
2014-01-01 02:00:00,3.152,16.45
2014-01-01 03:00:00,3.026,16.65
2014-01-01 04:00:00,3.022,16.4
2014-01-01 05:00:00,3.055,17.95
2014-01-01 06:00:00,3.18,19.7
2014-01-01 07:00:00,3.276,20.6
2014-01-01 08:00:00,3.467,22.35
2014-01-01 09:00:00,3.62,23.7
2014-01-01 10:00:00,3.73,24.8
2014-01-01 11:00:00,3.858,25.9
2014-01-01 12:00:00,3.851,25.3
2014-01-01 13:00:00,3.839,23.65
2014-01-01 14:00:00,3.861,20.7
2014-01-01 15:00:00,3.912,19.15
2014-01-01 16:00:00,4.082,22.65
2014-01-01 17:00:00,4.118,22.65
2014-01-01 18:00:00,4.011,22.4
2014-01-01 19:00:00,3.965,22.15
2014-01-01 20:00:00,3.932,22.05
2014-01-01 21:00:00,3.693,22.15
2014-01-01 22:00:00,3.585,21.0
2014-01-01 23:00:00,4.001,19.5
2014-01-02 00:00:00,3.623,18.45
2014-01-02 01:00:00,3.249,17.25
2014-01-02 02:00:00,3.047,16.3
2014-01-02 03:00:00,3.004,15.7
2014-01-02 04:00:00,3.104,15.5
2014-01-02 05:00:00,3.361,15.45
2014-01-02 06:00:00,3.749,15.65
2014-01-02 07:00:00,3.91,16.5
2014-01-02 08:00:00,4.075,18.1
2014-01-02 09:00:00,4.165,17.8
2014-01-02 10:00:00,4.202,19.1
2014-01-02 11:00:00,4.225,19.85
2014-01-02 12:00:00,4.265,20.3
2014-01-02 13:00:00,4.301,21.05
2014-01-02 14:00:00,4.381,22.8
2014-01-02 15:00:00,4.484,21.65
2014-01-02 16:00:00,4.552,20.15
2014-01-02 17:00:00,4.44,19.3
2014-01-02 18:00:00,4.233,18.75
2014-01-02 19:00:00,4.145,17.9
2014-01-02 20:00:00,4.116,17.35
2014-01-02 21:00:00,3.831,16.85
2014-01-02 22:00:00,3.712,16.35
2014-01-02 23:00:00,4.121,15.7
2014-01-03 00:00:00,3.764,14.95
2014-01-03 01:00:00,3.394,14.5
2014-01-03 02:00:00,3.159,14.35
2014-01-03 03:00:00,3.081,14.45
2014-01-03 04:00:00,3.216,14.6
2014-01-03 05:00:00,3.468,14.6
2014-01-03 06:00:00,3.838,14.7
2014-01-03 07:00:00,4.012,15.45
2014-01-03 08:00:00,4.183,16.7
2014-01-03 09:00:00,4.269,18.3
2014-01-03 10:00:00,4.28,20.1
2014-01-03 11:00:00,4.31,20.65
2014-01-03 12:00:00,4.315,19.45
2014-01-03 13:00:00,4.233,20.2
2014-01-03 14:00:00,4.188,20.25
2014-01-03 15:00:00,4.263,20.05
2014-01-03 16:00:00,4.37,20.25
2014-01-03 17:00:00,4.308,20.95
2014-01-03 18:00:00,4.182,21.9
2014-01-03 19:00:00,4.075,21.0
2014-01-03 20:00:00,4.057,19.9
2014-01-03 21:00:00,3.791,19.25
2014-01-03 22:00:00,3.667,17.3
2014-01-03 23:00:00,4.036,16.3
2014-01-04 00:00:00,3.636,15.8
2014-01-04 01:00:00,3.283,15.0
2014-01-04 02:00:00,3.073,14.4
2014-01-04 03:00:00,3.003,14.05
2014-01-04 04:00:00,3.023,13.65
2014-01-04 05:00:00,3.113,13.5
2014-01-04 06:00:00,3.335,14.15
2014-01-04 07:00:00,3.484,15.3
2014-01-04 08:00:00,3.697,14.8
2014-01-04 09:00:00,3.723,17.05
2014-01-04 10:00:00,3.786,18.35
2014-01-04 11:00:00,3.763,19.45
2014-01-04 12:00:00,3.748,18.55
2014-01-04 13:00:00,3.714,18.65
2014-01-04 14:00:00,3.737,18.85
2014-01-04 15:00:00,3.828,19.8
2014-01-04 16:00:00,3.937,19.65
2014-01-04 17:00:00,3.929,18.9
2014-01-04 18:00:00,3.877,19.5
2014-01-04 19:00:00,3.829,17.7
2014-01-04 20:00:00,3.95,17.35
2014-01-04 21:00:00,3.756,16.95
2014-01-04 22:00:00,3.638,16.4
2014-01-04 23:00:00,4.045,15.95
2014-01-05 00:00:00,3.682,14.9
2014-01-05 01:00:00,3.283,14.25
2014-01-05 02:00:00,3.036,13.05
2014-01-05 03:00:00,2.933,12.0
2014-01-05 04:00:00,2.956,11.5
2014-01-05 05:00:00,2.959,10.95
2014-01-05 06:00:00,3.157,12.3
2014-01-05 07:00:00,3.236,16.1
2014-01-05 08:00:00,3.37,17.1
2014-01-05 09:00:00,3.493,19.6
2014-01-05 10:00:00,3.516,21.1
2014-01-05 11:00:00,3.555,22.6
2014-01-05 12:00:00,3.57,24.35
2014-01-05 13:00:00,3.656,25.25
2014-01-05 14:00:00,3.792,25.75
2014-01-05 15:00:00,3.95,20.35
2014-01-05 16:00:00,3.953,15.55
2014-01-05 17:00:00,3.926,18.3
2014-01-05 18:00:00,3.849,19.4
2014-01-05 19:00:00,3.813,19.25
2014-01-05 20:00:00,3.891,18.55
2014-01-05 21:00:00,3.683,17.7
2014-01-05 22:00:00,3.562,16.75
2014-01-05 23:00:00,3.936,15.8
2014-01-06 00:00:00,3.602,14.9
2014-01-06 01:00:00,3.271,14.05
2014-01-06 02:00:00,3.085,14.1
2014-01-06 03:00:00,3.041,13.5
2014-01-06 04:00:00,3.201,13.0
2014-01-06 05:00:00,3.57,12.95
2014-01-06 06:00:00,4.123,13.3
2014-01-06 07:00:00,4.307,13.9
2014-01-06 08:00:00,4.481,15.4
2014-01-06 09:00:00,4.533,16.75
2014-01-06 10:00:00,4.545,17.3
2014-01-06 11:00:00,4.524,17.75
2014-01-06 12:00:00,4.47,18.4
2014-01-06 13:00:00,4.457,18.5
2014-01-06 14:00:00,4.418,18.8
2014-01-06 15:00:00,4.453,19.45
2014-01-06 16:00:00,4.539,18.75
2014-01-06 17:00:00,4.473,18.4
2014-01-06 18:00:00,4.301,16.95
2014-01-06 19:00:00,4.26,15.8
2014-01-06 20:00:00,4.276,15.35
2014-01-06 21:00:00,3.958,15.25
2014-01-06 22:00:00,3.796,15.15
2014-01-06 23:00:00,4.18,14.9
2014-01-07 00:00:00,3.843,14.5
2014-01-07 01:00:00,3.465,14.6
2014-01-07 02:00:00,3.246,14.4
2014-01-07 03:00:00,3.203,14.15
2014-01-07 04:00:00,3.36,14.3
2014-01-07 05:00:00,3.808,14.5
2014-01-07 06:00:00,4.328,14.95
2014-01-07 07:00:00,4.509,15.55
2014-01-07 08:00:00,4.598,15.8
2014-01-07 09:00:00,4.562,15.55
2014-01-07 10:00:00,4.566,16.45
2014-01-07 11:00:00,4.532,17.5
2014-01-07 12:00:00,4.477,17.7
2014-01-07 13:00:00,4.442,18.75
2014-01-07 14:00:00,4.424,19.6
2014-01-07 15:00:00,4.486,19.9
2014-01-07 16:00:00,4.579,19.35
2014-01-07 17:00:00,4.466,19.55
2014-01-07 18:00:00,4.338,17.9
2014-01-07 19:00:00,4.27,16.4
2014-01-07 20:00:00,4.296,15.55
2014-01-07 21:00:00,4.034,14.9
2014-01-07 22:00:00,3.877,14.4
2014-01-07 23:00:00,4.246,13.95
2014-01-08 00:00:00,3.883,13.3
2014-01-08 01:00:00,3.52,12.95
2014-01-08 02:00:00,3.306,12.65
2014-01-08 03:00:00,3.252,12.45
2014-01-08 04:00:00,3.387,12.35
2014-01-08 05:00:00,3.784,12.15
2014-01-08 06:00:00,4.335,11.95
2014-01-08 07:00:00,4.465,14.15
2014-01-08 08:00:00,4.529,15.85
2014-01-08 09:00:00,4.536,17.75
2014-01-08 10:00:00,4.589,19.45
2014-01-08 11:00:00,4.66,22.15
2014-01-08 12:00:00,4.691,23.85
2014-01-08 13:00:00,4.747,23.45
2014-01-08 14:00:00,4.819,24.95
2014-01-08 15:00:00,4.95,26.85
2014-01-08 16:00:00,4.994,26.1
2014-01-08 17:00:00,4.798,25.15
2014-01-08 18:00:00,4.54,23.25
2014-01-08 19:00:00,4.352,21.3
2014-01-08 20:00:00,4.37,19.85
2014-01-08 21:00:00,4.047,18.9
2014-01-08 22:00:00,3.87,18.25
2014-01-08 23:00:00,4.245,17.45
2014-01-09 00:00:00,3.848,17.1
2014-01-09 01:00:00,3.509,16.4
2014-01-09 02:00:00,3.302,15.55
2014-01-09 03:00:00,3.258,15.05
2014-01-09 04:00:00,3.419,14.4
2014-01-09 05:00:00,3.809,14.55
2014-01-09 06:00:00,4.363,15.15
2014-01-09 07:00:00,4.605,17.05
2014-01-09 08:00:00,4.793,18.85
2014-01-09 09:00:00,4.908,20.85
2014-01-09 10:00:00,5.04,24.25
2014-01-09 11:00:00,5.204,27.7
2014-01-09 12:00:00,5.358,28.4
2014-01-09 13:00:00,5.538,30.75
2014-01-09 14:00:00,5.708,30.7
2014-01-09 15:00:00,5.888,32.2
2014-01-09 16:00:00,5.966,31.75
2014-01-09 17:00:00,5.817,30.65
2014-01-09 18:00:00,5.571,29.75
2014-01-09 19:00:00,5.321,28.85
2014-01-09 20:00:00,5.141,27.85
2014-01-09 21:00:00,4.686,25.95
2014-01-09 22:00:00,4.367,24.7
2014-01-09 23:00:00,4.618,24.85
2014-01-10 00:00:00,4.158,24.05
2014-01-10 01:00:00,3.771,23.85
2014-01-10 02:00:00,3.555,23.5
2014-01-10 03:00:00,3.497,22.95
2014-01-10 04:00:00,3.646,22.2
2014-01-10 05:00:00,4.053,21.75
2014-01-10 06:00:00,4.687,22.35
2014-01-10 07:00:00,5.052,24.05
2014-01-10 08:00:00,5.342,25.15
2014-01-10 09:00:00,5.586,27.1
2014-01-10 10:00:00,5.808,28.05
2014-01-10 11:00:00,6.038,29.75
2014-01-10 12:00:00,6.296,31.25
2014-01-10 13:00:00,6.548,31.9
2014-01-10 14:00:00,6.787,32.95
2014-01-10 15:00:00,6.982,33.15
2014-01-10 16:00:00,7.035,33.95
2014-01-10 17:00:00,6.855,33.85
2014-01-10 18:00:00,6.561,33.25
2014-01-10 19:00:00,6.181,32.5
2014-01-10 20:00:00,5.899,31.5
2014-01-10 21:00:00,5.304,28.3
2014-01-10 22:00:00,4.795,23.9
2014-01-10 23:00:00,4.862,22.9
2014-01-11 00:00:00,4.264,22.3
2014-01-11 01:00:00,3.82,21.25
2014-01-11 02:00:00,3.588,20.5
2014-01-11 03:00:00,3.481,19.85
2014-01-11 04:00:00,3.514,18.85
2014-01-11 05:00:00,3.632,18.3
2014-01-11 06:00:00,3.857,18.1
2014-01-11 07:00:00,4.116,18.2
2014-01-11 08:00:00,4.375,18.15
2014-01-11 09:00:00,4.462,18.0
2014-01-11 10:00:00,4.46,17.7
2014-01-11 11:00:00,4.422,18.25
2014-01-11 12:00:00,4.398,19.7
2014-01-11 13:00:00,4.407,20.75
2014-01-11 14:00:00,4.48,21.8
2014-01-11 15:00:00,4.621,21.5
2014-01-11 16:00:00,4.732,21.6
2014-01-11 17:00:00,4.735,20.8
2014-01-11 18:00:00,4.572,19.4
2014-01-11 19:00:00,4.385,18.4
2014-01-11 20:00:00,4.323,17.9
2014-01-11 21:00:00,4.069,17.6
2014-01-11 22:00:00,3.94,17.55
2014-01-11 23:00:00,4.247,17.55
2014-01-12 00:00:00,3.821,17.65
2014-01-12 01:00:00,3.416,17.4
2014-01-12 02:00:00,3.22,17.15
2014-01-12 03:00:00,3.124,16.8
2014-01-12 04:00:00,3.132,17.0
2014-01-12 05:00:00,3.181,16.9
2014-01-12 06:00:00,3.337,17.2
2014-01-12 07:00:00,3.469,17.35
2014-01-12 08:00:00,3.668,17.65
2014-01-12 09:00:00,3.788,17.8
2014-01-12 10:00:00,3.834,18.4
2014-01-12 11:00:00,3.894,19.3
2014-01-12 12:00:00,3.964,20.2
2014-01-12 13:00:00,4.109,21.05
2014-01-12 14:00:00,4.275,21.7
2014-01-12 15:00:00,4.472,21.8
2014-01-12 16:00:00,4.623,21.8
2014-01-12 17:00:00,4.703,21.5
2014-01-12 18:00:00,4.594,20.0
2014-01-12 19:00:00,4.447,19.3
2014-01-12 20:00:00,4.459,18.2
2014-01-12 21:00:00,4.137,18.1
2014-01-12 22:00:00,3.913,17.7
2014-01-12 23:00:00,4.231,16.95
2014-01-13 00:00:00,3.833,16.25
2014-01-13 01:00:00,3.475,15.6
2014-01-13 02:00:00,3.302,15.5
2014-01-13 03:00:00,3.279,15.3
2014-01-13 04:00:00,3.519,15.45
2014-01-13 05:00:00,3.975,15.5
2014-01-13 06:00:00,4.6,15.75
2014-01-13 07:00:00,4.864,17.35
2014-01-13 08:00:00,5.104,19.15
2014-01-13 09:00:00,5.308,21.65
2014-01-13 10:00:00,5.542,24.7
2014-01-13 11:00:00,5.759,25.2
2014-01-13 12:00:00,6.005,24.3
2014-01-13 13:00:00,6.285,26.9
2014-01-13 14:00:00,6.617,28.1
2014-01-13 15:00:00,6.993,29.45
2014-01-13 16:00:00,7.207,29.85
2014-01-13 17:00:00,7.095,29.45
2014-01-13 18:00:00,6.839,26.35
2014-01-13 19:00:00,6.387,27.05
2014-01-13 20:00:00,6.048,25.7
2014-01-13 21:00:00,5.433,25.15
2014-01-13 22:00:00,4.904,23.85
2014-01-13 23:00:00,4.959,22.45
2014-01-14 00:00:00,4.425,21.45
2014-01-14 01:00:00,4.053,20.85
2014-01-14 02:00:00,3.843,20.7
2014-01-14 03:00:00,3.823,21.3
2014-01-14 04:00:00,4.017,21.55
2014-01-14 05:00:00,4.521,20.8
2014-01-14 06:00:00,5.229,22.3
2014-01-14 07:00:00,5.802,26.3
2014-01-14 08:00:00,6.449,32.6
2014-01-14 09:00:00,6.975,35.15
2014-01-14 10:00:00,7.506,36.8
2014-01-14 11:00:00,7.973,38.15
2014-01-14 12:00:00,8.359,39.95
2014-01-14 13:00:00,8.596,40.85
2014-01-14 14:00:00,8.794,41.25
2014-01-14 15:00:00,9.03,42.3
2014-01-14 16:00:00,9.09,41.95
2014-01-14 17:00:00,8.885,41.35
2014-01-14 18:00:00,8.525,40.6
2014-01-14 19:00:00,8.147,36.35
2014-01-14 20:00:00,7.797,36.15
2014-01-14 21:00:00,6.938,34.6
2014-01-14 22:00:00,6.215,34.05
2014-01-14 23:00:00,6.123,35.4
2014-01-15 00:00:00,5.495,36.3
2014-01-15 01:00:00,5.14,35.55
2014-01-15 02:00:00,4.896,33.7
2014-01-15 03:00:00,4.812,30.65
2014-01-15 04:00:00,5.024,29.45
2014-01-15 05:00:00,5.536,29.5
2014-01-15 06:00:00,6.293,31.0
2014-01-15 07:00:00,7.0,33.3
2014-01-15 08:00:00,7.633,35.7
2014-01-15 09:00:00,8.03,36.65
2014-01-15 10:00:00,8.459,37.65
2014-01-15 11:00:00,8.768,39.4
2014-01-15 12:00:00,9.0,40.6
2014-01-15 13:00:00,9.113,40.25
2014-01-15 14:00:00,9.155,37.55
2014-01-15 15:00:00,9.173,37.3
2014-01-15 16:00:00,9.039,35.4
2014-01-15 17:00:00,8.606,32.75
2014-01-15 18:00:00,8.095,31.2
2014-01-15 19:00:00,7.617,29.6
2014-01-15 20:00:00,7.208,28.35
2014-01-15 21:00:00,6.448,27.5
2014-01-15 22:00:00,5.74,28.75
2014-01-15 23:00:00,5.718,28.9
2014-01-16 00:00:00,5.106,29.9
2014-01-16 01:00:00,4.763,28.7
2014-01-16 02:00:00,4.61,28.65
2014-01-16 03:00:00,4.566,28.15
2014-01-16 04:00:00,4.737,28.25
2014-01-16 05:00:00,5.204,27.65
2014-01-16 06:00:00,5.988,27.8
2014-01-16 07:00:00,6.698,29.45
2014-01-16 08:00:00,7.438,32.5
2014-01-16 09:00:00,8.04,35.75
2014-01-16 10:00:00,8.484,38.85
2014-01-16 11:00:00,8.837,39.9
2014-01-16 12:00:00,9.052,41.1
2014-01-16 13:00:00,9.114,41.8
2014-01-16 14:00:00,9.214,42.75
2014-01-16 15:00:00,9.307,39.9
2014-01-16 16:00:00,9.313,39.75
2014-01-16 17:00:00,9.006,40.8
2014-01-16 18:00:00,8.556,37.95
2014-01-16 19:00:00,8.275,31.25
2014-01-16 20:00:00,7.911,34.6
2014-01-16 21:00:00,7.077,30.25
2014-01-16 22:00:00,6.348,28.5
2014-01-16 23:00:00,6.175,27.9
2014-01-17 00:00:00,5.455,27.95
2014-01-17 01:00:00,5.041,27.3
2014-01-17 02:00:00,4.759,26.9
2014-01-17 03:00:00,4.683,26.8
2014-01-17 04:00:00,4.908,26.05
2014-01-17 05:00:00,5.411,26.1
2014-01-17 06:00:00,6.199,27.7
2014-01-17 07:00:00,6.923,31.85
2014-01-17 08:00:00,7.593,34.85
2014-01-17 09:00:00,8.09,36.35
2014-01-17 10:00:00,8.497,38.0
2014-01-17 11:00:00,8.843,39.2
2014-01-17 12:00:00,9.058,41.05
2014-01-17 13:00:00,9.159,41.6
2014-01-17 14:00:00,9.231,42.35
2014-01-17 15:00:00,9.253,43.1
2014-01-17 16:00:00,8.852,33.5
2014-01-17 17:00:00,7.994,30.7
2014-01-17 18:00:00,7.388,29.1
2014-01-17 19:00:00,6.735,26.4
2014-01-17 20:00:00,6.264,23.9
2014-01-17 21:00:00,5.69,24.7
2014-01-17 22:00:00,5.227,24.35
2014-01-17 23:00:00,5.22,23.45
2014-01-18 00:00:00,4.593,23.45
2014-01-18 01:00:00,4.213,23.55
2014-01-18 02:00:00,3.984,23.05
2014-01-18 03:00:00,3.891,22.2
2014-01-18 04:00:00,3.919,22.1
2014-01-18 05:00:00,4.031,22.0
2014-01-18 06:00:00,4.287,21.9
2014-01-18 07:00:00,4.558,22.05
2014-01-18 08:00:00,4.872,22.55
2014-01-18 09:00:00,4.963,22.85
2014-01-18 10:00:00,5.004,22.45
2014-01-18 11:00:00,5.017,22.25
2014-01-18 12:00:00,5.057,22.65
2014-01-18 13:00:00,5.064,22.35
2014-01-18 14:00:00,5.0,21.9
2014-01-18 15:00:00,5.023,21.0
2014-01-18 16:00:00,5.007,20.95
2014-01-18 17:00:00,4.923,20.2
2014-01-18 18:00:00,4.74,19.7
2014-01-18 19:00:00,4.586,19.4
2014-01-18 20:00:00,4.517,19.2
2014-01-18 21:00:00,4.236,18.65
2014-01-18 22:00:00,4.055,18.15
2014-01-18 23:00:00,4.337,18.15
2014-01-19 00:00:00,3.848,17.65
2014-01-19 01:00:00,3.473,17.35
2014-01-19 02:00:00,3.273,17.15
2014-01-19 03:00:00,3.198,16.8
2014-01-19 04:00:00,3.204,16.75
2014-01-19 05:00:00,3.252,16.4
2014-01-19 06:00:00,3.404,16.5
2014-01-19 07:00:00,3.56,16.7
2014-01-19 08:00:00,3.767,17.3
2014-01-19 09:00:00,3.896,17.75
2014-01-19 10:00:00,3.934,19.2
2014-01-19 11:00:00,3.972,20.4
2014-01-19 12:00:00,3.985,20.9
2014-01-19 13:00:00,4.032,21.45
2014-01-19 14:00:00,4.122,22.0
2014-01-19 15:00:00,4.239,22.1
2014-01-19 16:00:00,4.389,21.6
2014-01-19 17:00:00,4.499,21.7
2014-01-19 18:00:00,4.406,20.5
2014-01-19 19:00:00,4.356,19.85
2014-01-19 20:00:00,4.396,19.75
2014-01-19 21:00:00,4.106,19.5
2014-01-19 22:00:00,3.914,19.2
2014-01-19 23:00:00,4.265,19.8
2014-01-20 00:00:00,3.862,19.5
2014-01-20 01:00:00,3.546,19.2
2014-01-20 02:00:00,3.36,19.2
2014-01-20 03:00:00,3.359,19.15
2014-01-20 04:00:00,3.649,19.05
2014-01-20 05:00:00,4.18,19.1
2014-01-20 06:00:00,4.813,19.25
2014-01-20 07:00:00,5.086,19.55
2014-01-20 08:00:00,5.301,20.2
2014-01-20 09:00:00,5.384,20.55
2014-01-20 10:00:00,5.434,21.45
2014-01-20 11:00:00,5.47,23.15
2014-01-20 12:00:00,5.529,23.5
2014-01-20 13:00:00,5.582,23.4
2014-01-20 14:00:00,5.618,23.5
2014-01-20 15:00:00,5.636,23.3
2014-01-20 16:00:00,5.561,22.85
2014-01-20 17:00:00,5.291,22.25
2014-01-20 18:00:00,5.0,20.95
2014-01-20 19:00:00,4.84,19.75
2014-01-20 20:00:00,4.767,19.45
2014-01-20 21:00:00,4.364,18.9
2014-01-20 22:00:00,4.16,18.45
2014-01-20 23:00:00,4.452,17.95
2014-01-21 00:00:00,4.011,17.55
2014-01-21 01:00:00,3.673,17.3
2014-01-21 02:00:00,3.503,16.95
2014-01-21 03:00:00,3.483,16.9
2014-01-21 04:00:00,3.695,16.85
2014-01-21 05:00:00,4.213,17.1
2014-01-21 06:00:00,4.81,17.25
2014-01-21 07:00:00,5.028,17.4
2014-01-21 08:00:00,5.149,17.85
2014-01-21 09:00:00,5.182,18.1
2014-01-21 10:00:00,5.208,18.6
2014-01-21 11:00:00,5.179,19.7
2014-01-21 12:00:00,5.19,21.0
2014-01-21 13:00:00,5.22,21.4
2014-01-21 14:00:00,5.202,22.65
2014-01-21 15:00:00,5.216,22.55
2014-01-21 16:00:00,5.232,22.0
2014-01-21 17:00:00,5.019,21.05
2014-01-21 18:00:00,4.828,19.55
2014-01-21 19:00:00,4.686,18.55
2014-01-21 20:00:00,4.657,18.3
2014-01-21 21:00:00,4.304,17.75
2014-01-21 22:00:00,4.106,17.8
2014-01-21 23:00:00,4.389,17.65
2014-01-22 00:00:00,3.955,17.8
2014-01-22 01:00:00,3.643,17.45
2014-01-22 02:00:00,3.489,16.95
2014-01-22 03:00:00,3.479,16.5
2014-01-22 04:00:00,3.695,16.9
2014-01-22 05:00:00,4.187,17.05
2014-01-22 06:00:00,4.732,16.75
2014-01-22 07:00:00,4.898,17.3
2014-01-22 08:00:00,4.997,18.8
2014-01-22 09:00:00,5.001,19.35
2014-01-22 10:00:00,5.022,20.75
2014-01-22 11:00:00,5.052,21.4
2014-01-22 12:00:00,5.094,21.9
2014-01-22 13:00:00,5.143,21.95
2014-01-22 14:00:00,5.178,22.8
2014-01-22 15:00:00,5.25,22.75
2014-01-22 16:00:00,5.255,23.2
2014-01-22 17:00:00,5.075,22.65
2014-01-22 18:00:00,4.867,20.8
2014-01-22 19:00:00,4.691,19.25
2014-01-22 20:00:00,4.665,17.8
2014-01-22 21:00:00,4.352,16.95
2014-01-22 22:00:00,4.121,16.55
2014-01-22 23:00:00,4.391,16.05
2014-01-23 00:00:00,3.966,15.75
2014-01-23 01:00:00,3.615,15.15
2014-01-23 02:00:00,3.437,14.7
2014-01-23 03:00:00,3.43,14.15
2014-01-23 04:00:00,3.666,13.9
2014-01-23 05:00:00,4.149,13.9
2014-01-23 06:00:00,4.674,14.0
2014-01-23 07:00:00,4.851,15.8
2014-01-23 08:00:00,5.011,17.65
2014-01-23 09:00:00,5.105,19.7
2014-01-23 10:00:00,5.242,22.5
2014-01-23 11:00:00,5.378,25.3
2014-01-23 12:00:00,5.576,24.3
2014-01-23 13:00:00,5.79,24.65
2014-01-23 14:00:00,6.03,26.45
2014-01-23 15:00:00,6.254,27.25
2014-01-23 16:00:00,6.34,26.55
2014-01-23 17:00:00,6.253,28.8
2014-01-23 18:00:00,6.039,27.85
2014-01-23 19:00:00,5.736,25.2
2014-01-23 20:00:00,5.49,24.75
2014-01-23 21:00:00,4.936,23.75
2014-01-23 22:00:00,4.58,22.55
2014-01-23 23:00:00,4.742,22.35
2014-01-24 00:00:00,4.23,21.7
2014-01-24 01:00:00,3.895,21.3
2014-01-24 02:00:00,3.712,20.3
2014-01-24 03:00:00,3.7,20.05
2014-01-24 04:00:00,3.906,20.5
2014-01-24 05:00:00,4.364,21.25
2014-01-24 06:00:00,4.962,20.85
2014-01-24 07:00:00,5.261,21.0
2014-01-24 08:00:00,5.463,19.4
2014-01-24 09:00:00,5.495,18.9
2014-01-24 10:00:00,5.477,18.15
2014-01-24 11:00:00,5.394,18.65
2014-01-24 12:00:00,5.25,20.2
2014-01-24 13:00:00,5.159,20.0
2014-01-24 14:00:00,5.081,21.65
2014-01-24 15:00:00,5.083,21.95
2014-01-24 16:00:00,5.038,21.15
2014-01-24 17:00:00,4.857,20.4
2014-01-24 18:00:00,4.643,19.5
2014-01-24 19:00:00,4.526,19.15
2014-01-24 20:00:00,4.428,18.4
2014-01-24 21:00:00,4.141,18.05
2014-01-24 22:00:00,3.975,17.75
2014-01-24 23:00:00,4.29,17.6
2014-01-25 00:00:00,3.809,17.15
2014-01-25 01:00:00,3.423,16.75
2014-01-25 02:00:00,3.217,16.35
2014-01-25 03:00:00,3.132,16.25
2014-01-25 04:00:00,3.192,15.9
2014-01-25 05:00:00,3.343,15.85
2014-01-25 06:00:00,3.606,15.9
2014-01-25 07:00:00,3.803,16.2
2014-01-25 08:00:00,3.963,18.5
2014-01-25 09:00:00,3.998,18.75
2014-01-25 10:00:00,3.962,18.8
2014-01-25 11:00:00,3.894,19.85
2014-01-25 12:00:00,3.814,19.75
2014-01-25 13:00:00,3.776,19.6
2014-01-25 14:00:00,3.808,19.3
2014-01-25 15:00:00,3.914,20.0
2014-01-25 16:00:00,4.033,20.25
2014-01-25 17:00:00,4.079,19.7
2014-01-25 18:00:00,4.027,18.6
2014-01-25 19:00:00,3.974,17.4
2014-01-25 20:00:00,4.057,17.1
2014-01-25 21:00:00,3.859,16.65
2014-01-25 22:00:00,3.759,16.25
2014-01-25 23:00:00,4.132,16.25
2014-01-26 00:00:00,3.716,15.8
2014-01-26 01:00:00,3.325,15.35
2014-01-26 02:00:00,3.111,14.8
2014-01-26 03:00:00,3.03,14.25
2014-01-26 04:00:00,3.046,13.5
2014-01-26 05:00:00,3.096,13.4
2014-01-26 06:00:00,3.254,14.35
2014-01-26 07:00:00,3.39,15.8
2014-01-26 08:00:00,3.606,17.7
2014-01-26 09:00:00,3.718,19.0
2014-01-26 10:00:00,3.755,21.05
2014-01-26 11:00:00,3.768,22.2
2014-01-26 12:00:00,3.768,22.45
2014-01-26 13:00:00,3.834,24.95
2014-01-26 14:00:00,3.957,24.75
2014-01-26 15:00:00,4.199,25.05
2014-01-26 16:00:00,4.393,26.4
2014-01-26 17:00:00,4.532,26.2
2014-01-26 18:00:00,4.516,26.5
2014-01-26 19:00:00,4.38,25.85
2014-01-26 20:00:00,4.39,24.4
2014-01-26 21:00:00,4.142,23.6
2014-01-26 22:00:00,3.954,22.65
2014-01-26 23:00:00,4.233,21.5
2014-01-27 00:00:00,3.795,20.15
2014-01-27 01:00:00,3.425,19.9
2014-01-27 02:00:00,3.209,18.85
2014-01-27 03:00:00,3.124,18.7
2014-01-27 04:00:00,3.177,18.75
2014-01-27 05:00:00,3.288,18.65
2014-01-27 06:00:00,3.498,20.05
2014-01-27 07:00:00,3.715,23.45
2014-01-27 08:00:00,4.092,24.9
2014-01-27 09:00:00,4.383,26.45
2014-01-27 10:00:00,4.644,28.55
2014-01-27 11:00:00,4.909,30.6
2014-01-27 12:00:00,5.184,31.55
2014-01-27 13:00:00,5.518,32.8
2014-01-27 14:00:00,5.889,33.5
2014-01-27 15:00:00,6.288,33.7
2014-01-27 16:00:00,6.643,34.45
2014-01-27 17:00:00,6.729,34.2
2014-01-27 18:00:00,6.567,33.65
2014-01-27 19:00:00,6.179,32.9
2014-01-27 20:00:00,5.903,31.75
2014-01-27 21:00:00,5.278,30.5
2014-01-27 22:00:00,4.788,29.25
2014-01-27 23:00:00,4.885,28.1
2014-01-28 00:00:00,4.363,26.45
2014-01-28 01:00:00,4.011,25.4
2014-01-28 02:00:00,3.823,25.4
2014-01-28 03:00:00,3.762,25.15
2014-01-28 04:00:00,3.998,25.4
2014-01-28 05:00:00,4.598,25.1
2014-01-28 06:00:00,5.349,25.95
2014-01-28 07:00:00,5.898,28.1
2014-01-28 08:00:00,6.487,30.4
2014-01-28 09:00:00,6.941,32.0
2014-01-28 10:00:00,7.381,33.75
2014-01-28 11:00:00,7.796,34.7
2014-01-28 12:00:00,8.185,35.8
2014-01-28 13:00:00,8.522,37.0
2014-01-28 14:00:00,8.825,39.05
2014-01-28 15:00:00,9.103,39.75
2014-01-28 16:00:00,9.198,41.2
2014-01-28 17:00:00,8.889,41.05
2014-01-28 18:00:00,8.174,36.05
2014-01-28 19:00:00,7.214,28.25
2014-01-28 20:00:00,6.481,24.45
2014-01-28 21:00:00,5.611,23.15
2014-01-28 22:00:00,5.026,22.05
2014-01-28 23:00:00,5.052,21.6
2014-01-29 00:00:00,4.484,21.45
2014-01-29 01:00:00,4.148,20.8
2014-01-29 02:00:00,3.955,20.25
2014-01-29 03:00:00,3.873,19.7
2014-01-29 04:00:00,4.06,19.4
2014-01-29 05:00:00,4.626,19.65
2014-01-29 06:00:00,5.272,19.1
2014-01-29 07:00:00,5.441,18.65
2014-01-29 08:00:00,5.535,18.9
2014-01-29 09:00:00,5.534,19.4
2014-01-29 10:00:00,5.61,20.7
2014-01-29 11:00:00,5.671,21.75
2014-01-29 12:00:00,5.724,22.35
2014-01-29 13:00:00,5.793,24.1
2014-01-29 14:00:00,5.838,23.35
2014-01-29 15:00:00,5.908,24.4
2014-01-29 16:00:00,5.868,22.95
2014-01-29 17:00:00,5.574,22.4
2014-01-29 18:00:00,5.276,20.95
2014-01-29 19:00:00,5.065,19.6
2014-01-29 20:00:00,4.976,18.9
2014-01-29 21:00:00,4.554,18.0
2014-01-29 22:00:00,4.282,17.4
2014-01-29 23:00:00,4.547,16.8
2014-01-30 00:00:00,4.053,16.55
2014-01-30 01:00:00,3.72,16.3
2014-01-30 02:00:00,3.536,16.25
2014-01-30 03:00:00,3.524,16.75
2014-01-30 04:00:00,3.792,16.7
2014-01-30 05:00:00,4.42,17.1
2014-01-30 06:00:00,5.075,17.5
2014-01-30 07:00:00,5.208,18.15
2014-01-30 08:00:00,5.344,18.85
2014-01-30 09:00:00,5.482,20.65
2014-01-30 10:00:00,5.701,22.6
2014-01-30 11:00:00,5.936,25.6
2014-01-30 12:00:00,6.21,28.5
2014-01-30 13:00:00,6.462,26.75
2014-01-30 14:00:00,6.683,27.2
2014-01-30 15:00:00,6.979,27.3
2014-01-30 16:00:00,7.059,27.5
2014-01-30 17:00:00,6.893,27.0
2014-01-30 18:00:00,6.535,25.45
2014-01-30 19:00:00,6.121,24.5
2014-01-30 20:00:00,5.797,23.85
2014-01-30 21:00:00,5.152,23.2
2014-01-30 22:00:00,4.705,22.55
2014-01-30 23:00:00,4.805,21.85
2014-01-31 00:00:00,4.272,21.05
2014-01-31 01:00:00,3.975,20.2
2014-01-31 02:00:00,3.805,19.95
2014-01-31 03:00:00,3.775,20.4
2014-01-31 04:00:00,3.996,20.3
2014-01-31 05:00:00,4.535,20.1
2014-01-31 06:00:00,5.275,20.45
2014-01-31 07:00:00,5.509,20.9
2014-01-31 08:00:00,5.73,21.45
2014-01-31 09:00:00,5.87,21.8
2014-01-31 10:00:00,6.034,23.25
2014-01-31 11:00:00,6.175,24.1
2014-01-31 12:00:00,6.34,25.2
2014-01-31 13:00:00,6.5,25.55
2014-01-31 14:00:00,6.603,25.9
2014-01-31 15:00:00,6.804,25.45
2014-01-31 16:00:00,6.787,26.05
2014-01-31 17:00:00,6.46,25.35
2014-01-31 18:00:00,6.043,23.9
2014-01-31 19:00:00,5.627,22.25
2014-01-31 20:00:00,5.367,22.0
2014-01-31 21:00:00,4.866,21.7
2014-01-31 22:00:00,4.575,21.45
2014-01-31 23:00:00,4.728,20.55
2014-02-01 00:00:00,4.157,19.0
2014-02-01 01:00:00,3.795,18.85
2014-02-01 02:00:00,3.607,18.7
2014-02-01 03:00:00,3.537,19.05
2014-02-01 04:00:00,3.596,19.35
2014-02-01 05:00:00,3.803,19.35
2014-02-01 06:00:00,4.125,19.45
2014-02-01 07:00:00,4.398,19.6
2014-02-01 08:00:00,4.66,20.55
2014-02-01 09:00:00,4.853,22.4
2014-02-01 10:00:00,5.115,24.55
2014-02-01 11:00:00,5.412,26.9
2014-02-01 12:00:00,5.669,27.95
2014-02-01 13:00:00,5.93,28.5
2014-02-01 14:00:00,6.216,28.2
2014-02-01 15:00:00,6.466,29.05
2014-02-01 16:00:00,6.641,28.7
2014-02-01 17:00:00,6.605,28.8
2014-02-01 18:00:00,6.316,27.15
2014-02-01 19:00:00,5.821,24.9
2014-02-01 20:00:00,5.52,23.5
2014-02-01 21:00:00,5.016,23.35
2014-02-01 22:00:00,4.657,23.0
2014-02-01 23:00:00,4.746,22.3
2014-02-02 00:00:00,4.197,21.4
2014-02-02 01:00:00,3.823,20.7
2014-02-02 02:00:00,3.613,19.85
2014-02-02 03:00:00,3.505,19.4
2014-02-02 04:00:00,3.488,19.25
2014-02-02 05:00:00,3.532,18.7
2014-02-02 06:00:00,3.716,18.65
2014-02-02 07:00:00,4.011,20.2
2014-02-02 08:00:00,4.421,23.4
2014-02-02 09:00:00,4.836,26.4
2014-02-02 10:00:00,5.296,27.45
2014-02-02 11:00:00,5.766,29.15
2014-02-02 12:00:00,6.233,32.05
2014-02-02 13:00:00,6.646,34.5
2014-02-02 14:00:00,7.011,34.95
2014-02-02 15:00:00,7.38,36.55
2014-02-02 16:00:00,7.66,37.85
2014-02-02 17:00:00,7.804,38.4
2014-02-02 18:00:00,7.691,35.15
2014-02-02 19:00:00,7.364,34.05
2014-02-02 20:00:00,7.019,34.1
2014-02-02 21:00:00,6.26,33.1
2014-02-02 22:00:00,5.545,30.3
2014-02-02 23:00:00,5.437,29.3
2014-02-03 00:00:00,4.806,27.55
2014-02-03 01:00:00,4.457,26.6
2014-02-03 02:00:00,4.235,25.9
2014-02-03 03:00:00,4.172,25.5
2014-02-03 04:00:00,4.396,25.15
2014-02-03 05:00:00,5.002,25.0
2014-02-03 06:00:00,5.817,25.15
2014-02-03 07:00:00,6.266,27.0
2014-02-03 08:00:00,6.732,31.15
2014-02-03 09:00:00,7.049,32.75
2014-02-03 10:00:00,7.184,31.5
2014-02-03 11:00:00,7.085,26.9
2014-02-03 12:00:00,6.798,23.9
2014-02-03 13:00:00,6.632,23.15
2014-02-03 14:00:00,6.408,22.85
2014-02-03 15:00:00,6.218,21.5
2014-02-03 16:00:00,5.968,21.15
2014-02-03 17:00:00,5.544,21.3
2014-02-03 18:00:00,5.217,19.7
2014-02-03 19:00:00,4.964,18.8
2014-02-03 20:00:00,4.758,18.45
2014-02-03 21:00:00,4.328,18.3
2014-02-03 22:00:00,4.074,17.8
2014-02-03 23:00:00,4.367,16.85
2014-02-04 00:00:00,3.883,16.4
2014-02-04 01:00:00,3.536,16.15
2014-02-04 02:00:00,3.404,15.7
2014-02-04 03:00:00,3.396,15.5
2014-02-04 04:00:00,3.624,15.4
2014-02-04 05:00:00,4.271,15.3
2014-02-04 06:00:00,4.916,15.05
2014-02-04 07:00:00,4.953,15.65
2014-02-04 08:00:00,5.016,18.1
2014-02-04 09:00:00,5.048,19.2
2014-02-04 10:00:00,5.106,21.05
2014-02-04 11:00:00,5.124,22.35
2014-02-04 12:00:00,5.2,23.45
2014-02-04 13:00:00,5.244,24.85
2014-02-04 14:00:00,5.242,24.95
2014-02-04 15:00:00,5.341,25.55
2014-02-04 16:00:00,5.368,25.3
2014-02-04 17:00:00,5.166,24.25
2014-02-04 18:00:00,4.91,22.75
2014-02-04 19:00:00,4.762,20.85
2014-02-04 20:00:00,4.7,19.35
2014-02-04 21:00:00,4.276,18.25
2014-02-04 22:00:00,4.035,17.45
2014-02-04 23:00:00,4.318,17.0
2014-02-05 00:00:00,3.858,16.5
2014-02-05 01:00:00,3.55,16.1
2014-02-05 02:00:00,3.399,15.95
2014-02-05 03:00:00,3.382,15.3
2014-02-05 04:00:00,3.59,14.55
2014-02-05 05:00:00,4.261,14.25
2014-02-05 06:00:00,4.937,14.4
2014-02-05 07:00:00,4.994,15.55
2014-02-05 08:00:00,5.094,18.3
2014-02-05 09:00:00,5.168,20.0
2014-02-05 10:00:00,5.303,22.75
2014-02-05 11:00:00,5.41,25.45
2014-02-05 12:00:00,5.571,25.8
2014-02-05 13:00:00,5.74,26.35
2014-02-05 14:00:00,5.9,29.15
2014-02-05 15:00:00,6.177,30.45
2014-02-05 16:00:00,6.274,30.35
2014-02-05 17:00:00,6.039,29.6
2014-02-05 18:00:00,5.7,27.55
2014-02-05 19:00:00,5.389,25.55
2014-02-05 20:00:00,5.192,23.65
2014-02-05 21:00:00,4.672,22.95
2014-02-05 22:00:00,4.359,21.85
2014-02-05 23:00:00,4.614,20.7
2014-02-06 00:00:00,4.118,20.15
2014-02-06 01:00:00,3.805,19.3
2014-02-06 02:00:00,3.627,19.0
2014-02-06 03:00:00,3.646,18.4
2014-02-06 04:00:00,3.882,17.8
2014-02-06 05:00:00,4.47,17.75
2014-02-06 06:00:00,5.106,18.0
2014-02-06 07:00:00,5.274,20.8
2014-02-06 08:00:00,5.507,23.4
2014-02-06 09:00:00,5.711,25.75
2014-02-06 10:00:00,5.95,27.75
2014-02-06 11:00:00,6.2,29.6
2014-02-06 12:00:00,6.527,32.15
2014-02-06 13:00:00,6.884,32.9
2014-02-06 14:00:00,7.196,33.65
2014-02-06 15:00:00,7.615,34.3
2014-02-06 16:00:00,7.845,34.8
2014-02-06 17:00:00,7.759,35.05
2014-02-06 18:00:00,7.437,33.75
2014-02-06 19:00:00,7.059,33.25
2014-02-06 20:00:00,6.584,32.4
2014-02-06 21:00:00,5.742,31.25
2014-02-06 22:00:00,5.125,29.65
2014-02-06 23:00:00,5.139,28.55
2014-02-07 00:00:00,4.564,26.55
2014-02-07 01:00:00,4.218,25.95
2014-02-07 02:00:00,4.025,25.0
2014-02-07 03:00:00,4.0,24.4
2014-02-07 04:00:00,4.245,24.15
2014-02-07 05:00:00,4.783,24.15
2014-02-07 06:00:00,5.504,24.35
2014-02-07 07:00:00,5.92,26.9
2014-02-07 08:00:00,6.271,28.75
2014-02-07 09:00:00,6.549,30.35
2014-02-07 10:00:00,6.894,32.75
2014-02-07 11:00:00,7.231,34.25
2014-02-07 12:00:00,7.535,35.3
2014-02-07 13:00:00,7.597,28.4
2014-02-07 14:00:00,7.562,27.25
2014-02-07 15:00:00,7.609,26.6
2014-02-07 16:00:00,7.534,25.75
2014-02-07 17:00:00,7.118,25.35
2014-02-07 18:00:00,6.448,23.15
2014-02-07 19:00:00,5.963,21.55
2014-02-07 20:00:00,5.565,20.85
2014-02-07 21:00:00,5.005,20.55
2014-02-07 22:00:00,4.666,20.35
2014-02-07 23:00:00,4.85,20.55
2014-02-08 00:00:00,4.302,20.6
2014-02-08 01:00:00,3.905,19.9
2014-02-08 02:00:00,3.678,19.55
2014-02-08 03:00:00,3.61,19.2
2014-02-08 04:00:00,3.672,18.9
2014-02-08 05:00:00,3.869,18.85
2014-02-08 06:00:00,4.204,19.25
2014-02-08 07:00:00,4.541,21.0
2014-02-08 08:00:00,4.944,23.05
2014-02-08 09:00:00,5.265,25.35
2014-02-08 10:00:00,5.651,27.7
2014-02-08 11:00:00,6.09,31.05
2014-02-08 12:00:00,6.547,35.25
2014-02-08 13:00:00,6.935,35.1
2014-02-08 14:00:00,7.318,36.85
2014-02-08 15:00:00,7.625,39.25
2014-02-08 16:00:00,7.793,40.0
2014-02-08 17:00:00,7.76,39.45
2014-02-08 18:00:00,7.51,38.95
2014-02-08 19:00:00,7.145,37.75
2014-02-08 20:00:00,6.805,33.85
2014-02-08 21:00:00,6.103,30.4
2014-02-08 22:00:00,5.52,25.7
2014-02-08 23:00:00,5.462,25.4
2014-02-09 00:00:00,4.824,25.6
2014-02-09 01:00:00,4.444,28.15
2014-02-09 02:00:00,4.237,32.4
2014-02-09 03:00:00,4.157,31.85
2014-02-09 04:00:00,4.164,31.35
2014-02-09 05:00:00,4.275,31.2
2014-02-09 06:00:00,4.545,31.1
2014-02-09 07:00:00,5.033,31.95
2014-02-09 08:00:00,5.594,32.45
2014-02-09 09:00:00,6.176,35.2
2014-02-09 10:00:00,6.681,38.4
2014-02-09 11:00:00,6.628,35.85
2014-02-09 12:00:00,6.238,30.7
2014-02-09 13:00:00,6.039,27.85
2014-02-09 14:00:00,5.897,26.9
2014-02-09 15:00:00,5.832,26.65
2014-02-09 16:00:00,5.701,25.25
2014-02-09 17:00:00,5.483,24.45
2014-02-09 18:00:00,4.949,22.5
2014-02-09 19:00:00,4.589,22.05
2014-02-09 20:00:00,4.407,20.0
2014-02-09 21:00:00,4.027,19.75
2014-02-09 22:00:00,3.82,19.1
2014-02-09 23:00:00,4.075,18.5
2014-02-10 00:00:00,3.65,18.4
2014-02-10 01:00:00,3.388,17.4
2014-02-10 02:00:00,3.271,16.9
2014-02-10 03:00:00,3.268,16.8
2014-02-10 04:00:00,3.498,16.45
2014-02-10 05:00:00,4.086,16.05
2014-02-10 06:00:00,4.8,16.3
2014-02-10 07:00:00,4.933,17.45
2014-02-10 08:00:00,5.102,19.3
2014-02-10 09:00:00,5.126,20.0
2014-02-10 10:00:00,5.194,21.05
2014-02-10 11:00:00,5.26,22.8
2014-02-10 12:00:00,5.319,22.55
2014-02-10 13:00:00,5.364,23.3
2014-02-10 14:00:00,5.419,24.05
2014-02-10 15:00:00,5.559,23.1
2014-02-10 16:00:00,5.568,23.1
2014-02-10 17:00:00,5.332,22.5
2014-02-10 18:00:00,5.027,20.8
2014-02-10 19:00:00,4.864,19.55
2014-02-10 20:00:00,4.738,18.8
2014-02-10 21:00:00,4.303,18.2
2014-02-10 22:00:00,4.093,17.65
2014-02-10 23:00:00,4.379,17.75
2014-02-11 00:00:00,3.952,17.15
2014-02-11 01:00:00,3.632,16.55
2014-02-11 02:00:00,3.461,16.2
2014-02-11 03:00:00,3.446,16.0
2014-02-11 04:00:00,3.732,15.6
2014-02-11 05:00:00,4.294,15.15
2014-02-11 06:00:00,4.911,15.15
2014-02-11 07:00:00,5.021,16.25
2014-02-11 08:00:00,5.138,17.8
2014-02-11 09:00:00,5.223,19.15
2014-02-11 10:00:00,5.348,21.0
2014-02-11 11:00:00,5.479,22.8
2014-02-11 12:00:00,5.661,23.85
2014-02-11 13:00:00,5.832,24.25
2014-02-11 14:00:00,5.966,26.2
2014-02-11 15:00:00,6.178,25.65
2014-02-11 16:00:00,6.212,25.05
2014-02-11 17:00:00,5.949,23.85
2014-02-11 18:00:00,5.64,23.6
2014-02-11 19:00:00,5.449,23.1
2014-02-11 20:00:00,5.213,22.95
2014-02-11 21:00:00,4.678,22.55
2014-02-11 22:00:00,4.376,21.55
2014-02-11 23:00:00,4.601,20.45
2014-02-12 00:00:00,4.147,19.6
2014-02-12 01:00:00,3.815,18.7
2014-02-12 02:00:00,3.61,18.3
2014-02-12 03:00:00,3.605,18.0
2014-02-12 04:00:00,3.879,17.55
2014-02-12 05:00:00,4.468,17.3
2014-02-12 06:00:00,5.09,17.2
2014-02-12 07:00:00,5.226,17.95
2014-02-12 08:00:00,5.406,19.45
2014-02-12 09:00:00,5.561,21.1
2014-02-12 10:00:00,5.74,23.05
2014-02-12 11:00:00,5.899,24.65
2014-02-12 12:00:00,6.095,25.05
2014-02-12 13:00:00,6.272,25.85
2014-02-12 14:00:00,6.402,25.3
2014-02-12 15:00:00,6.61,26.65
2014-02-12 16:00:00,6.585,25.5
2014-02-12 17:00:00,6.265,25.9
2014-02-12 18:00:00,5.925,26.25
2014-02-12 19:00:00,5.747,25.3
2014-02-12 20:00:00,5.497,25.15
2014-02-12 21:00:00,4.932,23.6
2014-02-12 22:00:00,4.58,22.05
2014-02-12 23:00:00,4.763,21.7
2014-02-13 00:00:00,4.298,21.15
2014-02-13 01:00:00,4.026,20.55
2014-02-13 02:00:00,3.871,20.5
2014-02-13 03:00:00,3.827,20.2
2014-02-13 04:00:00,4.065,20.5
2014-02-13 05:00:00,4.643,20.6
2014-02-13 06:00:00,5.317,20.9
2014-02-13 07:00:00,5.494,21.7
2014-02-13 08:00:00,5.685,22.0
2014-02-13 09:00:00,5.814,22.25
2014-02-13 10:00:00,5.912,23.4
2014-02-13 11:00:00,5.999,23.9
2014-02-13 12:00:00,6.097,25.25
2014-02-13 13:00:00,6.176,26.2
2014-02-13 14:00:00,6.136,26.0
2014-02-13 15:00:00,6.131,25.3
2014-02-13 16:00:00,6.049,25.2
2014-02-13 17:00:00,5.796,25.3
2014-02-13 18:00:00,5.532,25.5
2014-02-13 19:00:00,5.475,25.35
2014-02-13 20:00:00,5.254,25.05
2014-02-13 21:00:00,4.742,24.85
2014-02-13 22:00:00,4.453,24.05
2014-02-13 23:00:00,4.66,23.15
2014-02-14 00:00:00,4.176,22.3
2014-02-14 01:00:00,3.895,21.9
2014-02-14 02:00:00,3.726,21.15
2014-02-14 03:00:00,3.717,20.3
2014-02-14 04:00:00,3.91,19.65
2014-02-14 05:00:00,4.479,19.7
2014-02-14 06:00:00,5.135,19.75
2014-02-14 07:00:00,5.306,20.25
2014-02-14 08:00:00,5.52,21.5
2014-02-14 09:00:00,5.672,23.6
2014-02-14 10:00:00,5.737,24.6
2014-02-14 11:00:00,5.785,25.9
2014-02-14 12:00:00,5.829,25.45
2014-02-14 13:00:00,5.893,24.85
2014-02-14 14:00:00,5.892,25.9
2014-02-14 15:00:00,5.921,26.15
2014-02-14 16:00:00,5.817,26.25
2014-02-14 17:00:00,5.557,26.35
2014-02-14 18:00:00,5.304,26.25
2014-02-14 19:00:00,5.234,25.85
2014-02-14 20:00:00,5.074,25.3
2014-02-14 21:00:00,4.656,24.6
2014-02-14 22:00:00,4.396,23.75
2014-02-14 23:00:00,4.599,22.25
2014-02-15 00:00:00,4.064,21.75
2014-02-15 01:00:00,3.749,21.45
2014-02-15 02:00:00,3.56,21.5
2014-02-15 03:00:00,3.475,21.3
2014-02-15 04:00:00,3.552,21.25
2014-02-15 05:00:00,3.783,21.2
2014-02-15 06:00:00,4.045,21.6
2014-02-15 07:00:00,4.258,22.0
2014-02-15 08:00:00,4.539,23.65
2014-02-15 09:00:00,4.762,25.2
2014-02-15 10:00:00,4.938,26.4
2014-02-15 11:00:00,5.049,25.5
2014-02-15 12:00:00,5.037,25.15
2014-02-15 13:00:00,5.066,26.95
2014-02-15 14:00:00,5.151,28.35
2014-02-15 15:00:00,5.197,25.65
2014-02-15 16:00:00,5.201,25.0
2014-02-15 17:00:00,5.132,25.5
2014-02-15 18:00:00,4.908,24.15
2014-02-15 19:00:00,4.725,22.9
2014-02-15 20:00:00,4.568,21.6
2014-02-15 21:00:00,4.222,21.75
2014-02-15 22:00:00,3.939,21.5
2014-02-15 23:00:00,4.215,21.55
2014-02-16 00:00:00,3.741,20.45
2014-02-16 01:00:00,3.38,19.5
2014-02-16 02:00:00,3.174,18.75
2014-02-16 03:00:00,3.076,18.65
2014-02-16 04:00:00,3.071,18.2
2014-02-16 05:00:00,3.172,17.3
2014-02-16 06:00:00,3.328,17.9
2014-02-16 07:00:00,3.427,18.05
2014-02-16 08:00:00,3.603,17.4
2014-02-16 09:00:00,3.738,16.85
2014-02-16 10:00:00,3.765,17.95
2014-02-16 11:00:00,3.777,20.55
2014-02-16 12:00:00,3.705,21.95
2014-02-16 13:00:00,3.69,22.6
2014-02-16 14:00:00,3.742,22.3
2014-02-16 15:00:00,3.859,22.4
2014-02-16 16:00:00,4.032,22.3
2014-02-16 17:00:00,4.113,21.1
2014-02-16 18:00:00,4.032,20.25
2014-02-16 19:00:00,4.066,19.2
2014-02-16 20:00:00,4.011,18.9
2014-02-16 21:00:00,3.712,18.6
2014-02-16 22:00:00,3.53,18.35
2014-02-16 23:00:00,3.905,17.7
2014-02-17 00:00:00,3.556,17.2
2014-02-17 01:00:00,3.283,16.85
2014-02-17 02:00:00,3.136,16.9
2014-02-17 03:00:00,3.146,16.8
2014-02-17 04:00:00,3.4,16.8
2014-02-17 05:00:00,4.009,16.6
2014-02-17 06:00:00,4.717,16.35
2014-02-17 07:00:00,4.827,17.2
2014-02-17 08:00:00,4.909,18.35
2014-02-17 09:00:00,4.973,19.55
2014-02-17 10:00:00,5.036,20.3
2014-02-17 11:00:00,5.079,21.6
2014-02-17 12:00:00,5.16,21.8
2014-02-17 13:00:00,5.228,23.3
2014-02-17 14:00:00,5.241,23.2
2014-02-17 15:00:00,5.343,24.55
2014-02-17 16:00:00,5.35,24.95
2014-02-17 17:00:00,5.184,24.9
2014-02-17 18:00:00,4.941,23.7
2014-02-17 19:00:00,4.797,22.0
2014-02-17 20:00:00,4.615,19.65
2014-02-17 21:00:00,4.16,18.25
2014-02-17 22:00:00,3.904,17.7
2014-02-17 23:00:00,4.213,17.25
2014-02-18 00:00:00,3.81,16.9
2014-02-18 01:00:00,3.528,16.55
2014-02-18 02:00:00,3.369,16.05
2014-02-18 03:00:00,3.381,16.45
2014-02-18 04:00:00,3.609,15.4
2014-02-18 05:00:00,4.178,14.9
2014-02-18 06:00:00,4.861,14.7
2014-02-18 07:00:00,4.918,16.1
2014-02-18 08:00:00,5.006,18.45
2014-02-18 09:00:00,5.102,19.8
2014-02-18 10:00:00,5.239,23.0
2014-02-18 11:00:00,5.385,25.25
2014-02-18 12:00:00,5.528,27.6
2014-02-18 13:00:00,5.724,27.9
2014-02-18 14:00:00,5.845,28.55
2014-02-18 15:00:00,6.048,29.45
2014-02-18 16:00:00,6.097,29.7
2014-02-18 17:00:00,5.838,29.35
2014-02-18 18:00:00,5.507,27.0
2014-02-18 19:00:00,5.267,23.55
2014-02-18 20:00:00,5.003,21.9
2014-02-18 21:00:00,4.462,20.75
2014-02-18 22:00:00,4.184,20.15
2014-02-18 23:00:00,4.431,19.6
2014-02-19 00:00:00,3.969,19.15
2014-02-19 01:00:00,3.66,18.8
2014-02-19 02:00:00,3.48,18.55
2014-02-19 03:00:00,3.47,18.2
2014-02-19 04:00:00,3.693,17.75
2014-02-19 05:00:00,4.313,17.65
2014-02-19 06:00:00,4.955,17.8
2014-02-19 07:00:00,5.083,18.75
2014-02-19 08:00:00,5.251,19.6
2014-02-19 09:00:00,5.268,20.45
2014-02-19 10:00:00,5.293,21.95
2014-02-19 11:00:00,5.285,23.7
2014-02-19 12:00:00,5.308,23.15
2014-02-19 13:00:00,5.349,24.15
2014-02-19 14:00:00,5.322,24.55
2014-02-19 15:00:00,5.328,21.4
2014-02-19 16:00:00,5.151,19.15
2014-02-19 17:00:00,4.975,19.05
2014-02-19 18:00:00,4.741,16.5
2014-02-19 19:00:00,4.678,15.9
2014-02-19 20:00:00,4.458,14.85
2014-02-19 21:00:00,4.056,15.3
2014-02-19 22:00:00,3.868,14.1
2014-02-19 23:00:00,4.226,13.8
2014-02-20 00:00:00,3.799,13.6
2014-02-20 01:00:00,3.428,13.45
2014-02-20 02:00:00,3.253,13.4
2014-02-20 03:00:00,3.228,13.05
2014-02-20 04:00:00,3.452,12.75
2014-02-20 05:00:00,4.04,12.8
2014-02-20 06:00:00,4.726,12.75
2014-02-20 07:00:00,4.709,13.6
2014-02-20 08:00:00,4.721,14.95
2014-02-20 09:00:00,4.741,16.1
2014-02-20 10:00:00,4.846,17.5
2014-02-20 11:00:00,4.864,18.5
2014-02-20 12:00:00,4.868,19.3
2014-02-20 13:00:00,4.836,19.4
2014-02-20 14:00:00,4.799,19.75
2014-02-20 15:00:00,4.89,19.4
2014-02-20 16:00:00,4.946,19.45
2014-02-20 17:00:00,4.8,19.45
2014-02-20 18:00:00,4.646,18.9
2014-02-20 19:00:00,4.693,17.65
2014-02-20 20:00:00,4.546,16.8
2014-02-20 21:00:00,4.117,15.9
2014-02-20 22:00:00,3.897,15.05
2014-02-20 23:00:00,4.259,14.55
2014-02-21 00:00:00,3.893,14.25
2014-02-21 01:00:00,3.505,13.8
2014-02-21 02:00:00,3.341,13.85
2014-02-21 03:00:00,3.334,13.7
2014-02-21 04:00:00,3.623,13.65
2014-02-21 05:00:00,4.24,13.35
2014-02-21 06:00:00,4.925,13.4
2014-02-21 07:00:00,4.986,14.05
2014-02-21 08:00:00,5.028,15.0
2014-02-21 09:00:00,4.987,16.65
2014-02-21 10:00:00,4.984,17.85
2014-02-21 11:00:00,4.975,18.45
2014-02-21 12:00:00,4.912,18.2
2014-02-21 13:00:00,4.833,18.9
2014-02-21 14:00:00,4.686,19.85
2014-02-21 15:00:00,4.71,20.0
2014-02-21 16:00:00,4.718,19.7
2014-02-21 17:00:00,4.577,18.8
2014-02-21 18:00:00,4.454,17.5
2014-02-21 19:00:00,4.532,16.6
2014-02-21 20:00:00,4.407,16.25
2014-02-21 21:00:00,4.064,16.0
2014-02-21 22:00:00,3.883,16.3
2014-02-21 23:00:00,4.221,16.4
2014-02-22 00:00:00,3.792,15.8
2014-02-22 01:00:00,3.445,15.85
2014-02-22 02:00:00,3.261,14.6
2014-02-22 03:00:00,3.221,14.65
2014-02-22 04:00:00,3.295,15.2
2014-02-22 05:00:00,3.521,14.9
2014-02-22 06:00:00,3.804,14.6
2014-02-22 07:00:00,4.038,15.15
2014-02-22 08:00:00,4.2,16.0
2014-02-22 09:00:00,4.226,16.35
2014-02-22 10:00:00,4.198,17.0
2014-02-22 11:00:00,4.182,18.3
2014-02-22 12:00:00,4.078,19.05
2014-02-22 13:00:00,4.018,19.3
2014-02-22 14:00:00,4.002,19.4
2014-02-22 15:00:00,4.066,18.65
2014-02-22 16:00:00,4.158,18.75
2014-02-22 17:00:00,4.154,19.1
2014-02-22 18:00:00,4.084,18.3
2014-02-22 19:00:00,4.104,17.95
2014-02-22 20:00:00,4.001,17.55
2014-02-22 21:00:00,3.773,16.9
2014-02-22 22:00:00,3.7,16.45
2014-02-22 23:00:00,4.078,15.85
2014-02-23 00:00:00,3.702,15.8
2014-02-23 01:00:00,3.349,15.65
2014-02-23 02:00:00,3.143,15.2
2014-02-23 03:00:00,3.052,14.7
2014-02-23 04:00:00,3.07,14.95
2014-02-23 05:00:00,3.181,15.25
2014-02-23 06:00:00,3.327,15.2
2014-02-23 07:00:00,3.44,15.8
2014-02-23 08:00:00,3.616,16.8
2014-02-23 09:00:00,3.678,17.9
2014-02-23 10:00:00,3.694,19.7
2014-02-23 11:00:00,3.71,21.05
2014-02-23 12:00:00,3.706,21.6
2014-02-23 13:00:00,3.764,22.55
2014-02-23 14:00:00,3.852,22.75
2014-02-23 15:00:00,4.009,22.9
2014-02-23 16:00:00,4.202,22.5
2014-02-23 17:00:00,4.323,21.95
2014-02-23 18:00:00,4.249,20.45
2014-02-23 19:00:00,4.275,19.6
2014-02-23 20:00:00,4.162,19.2
2014-02-23 21:00:00,3.848,18.0
2014-02-23 22:00:00,3.706,16.95
2014-02-23 23:00:00,4.06,16.45
2014-02-24 00:00:00,3.703,16.15
2014-02-24 01:00:00,3.401,15.6
2014-02-24 02:00:00,3.251,15.15
2014-02-24 03:00:00,3.239,15.25
2014-02-24 04:00:00,3.455,15.2
2014-02-24 05:00:00,4.041,14.75
2014-02-24 06:00:00,4.743,15.05
2014-02-24 07:00:00,4.815,15.6
2014-02-24 08:00:00,4.916,17.75
2014-02-24 09:00:00,4.931,18.45
2014-02-24 10:00:00,4.966,20.05
2014-02-24 11:00:00,5.063,21.35
2014-02-24 12:00:00,5.218,22.5
2014-02-24 13:00:00,5.381,23.55
2014-02-24 14:00:00,5.458,24.1
2014-02-24 15:00:00,5.55,22.6
2014-02-24 16:00:00,5.566,23.15
2014-02-24 17:00:00,5.376,24.1
2014-02-24 18:00:00,5.104,22.65
2014-02-24 19:00:00,5.022,21.25
2014-02-24 20:00:00,4.793,19.9
2014-02-24 21:00:00,4.335,19.1
2014-02-24 22:00:00,4.108,18.25
2014-02-24 23:00:00,4.41,17.75
2014-02-25 00:00:00,4.008,17.5
2014-02-25 01:00:00,3.666,16.6
2014-02-25 02:00:00,3.497,16.1
2014-02-25 03:00:00,3.464,15.85
2014-02-25 04:00:00,3.698,15.75
2014-02-25 05:00:00,4.333,15.7
2014-02-25 06:00:00,4.998,16.35
2014-02-25 07:00:00,5.094,19.6
2014-02-25 08:00:00,5.272,25.75
2014-02-25 09:00:00,5.459,27.8
2014-02-25 10:00:00,5.648,30.05
2014-02-25 11:00:00,5.853,32.35
2014-02-25 12:00:00,6.062,31.9
2014-02-25 13:00:00,6.258,32.45
2014-02-25 14:00:00,6.236,29.6
2014-02-25 15:00:00,6.226,28.85
2014-02-25 16:00:00,5.957,23.45
2014-02-25 17:00:00,5.455,21.1
2014-02-25 18:00:00,5.066,20.1
2014-02-25 19:00:00,4.968,20.1
2014-02-25 20:00:00,4.742,19.9
2014-02-25 21:00:00,4.304,19.3
2014-02-25 22:00:00,4.105,19.05
2014-02-25 23:00:00,4.41,18.85
